../pics/josh1.jpg; 2; Josh
../pics/josh2.jpg; 2; Josh
../pics/josh3.jpg; 2; Josh
../pics/josh4.jpg; 2; Josh
../pics/logan1.jpg; 3; Logan
../pics/logan2.jpg; 3; Logan
../pics/logan3.jpg; 3; Logan
../pics/logan4.jpg; 3; Logan
../pics/dillon1.jpg; 4; Dillon
../pics/dillon2.jpg; 4; Dillon
../pics/dillon3.jpg; 4; Dillon
../pics/dillon4.jpg; 4; Dillon
../pics/sam1.jpg; 5; Sam
../pics/sam2.jpg; 5; Sam
../pics/sam3.jpg; 5; Sam
../pics/sam4.jpg; 5; Sam
../pics/sam5.jpg; 5; Sam
../pics/sam6.jpg; 5; Sam
../pics/kevin1.jpg; 6; Kevin
../pics/kevin2.jpg; 6; Kevin
../pics/kevin3.jpg; 6; Kevin
../pics/kevin4.jpg; 6; Kevin
../pics/kevin5.jpg; 6; Kevin
../pics/kevin6.jpg; 6; Kevin
../pics/zachn1.jpg; 7; Zach N
../pics/zachn2.jpg; 7; Zach N
../pics/zachn3.jpg; 7; Zach N
../pics/zachn4.jpg; 7; Zach N
../pics/zachn5.jpg; 7; Zach N
../pics/zachn6.jpg; 7; Zach N
../pics/nick1.jpg; 8; Nick
../pics/nick2.jpg; 8; Nick
../pics/nick3.jpg; 8; Nick
../pics/nick4.jpg; 8; Nick
../pics/nick5.jpg; 8; Nick
../pics/nick6.jpg; 8; Nick
../pics/nick7.jpg; 8; Nick
../pics/nick8.jpg; 8; Nick
../pics/carter1.jpg; 9; Carter
../pics/carter2.jpg; 9; Carter
../pics/carter3.jpg; 9; Carter
../pics/carter4.jpg; 9; Carter
../pics/carter5.jpg; 9; Carter
../pics/carter6.jpg; 9; Carter
../pics/carter7.jpg; 9; Carter
../pics/carter8.jpg; 9; Carter
../pics/ryan1.jpg; 10; Ryan
../pics/ryan2.jpg; 10; Ryan
../pics/ryan3.jpg; 10; Ryan
../pics/ryan4.jpg; 10; Ryan
../pics/ryan5.jpg; 10; Ryan
../pics/ryan6.jpg; 10; Ryan
../pics/ryan7.jpg; 10; Ryan
../pics/ryan8.jpg; 10; Ryan
../pics/ryan9.jpg; 10; Ryan
../pics/zach1.jpg; 11; Zach
../pics/zach2.jpg; 11; Zach
../pics/zach3.jpg; 11; Zach
../pics/zach4.jpg; 11; Zach
../pics/zach5.jpg; 11; Zach
../pics/zach6.jpg; 11; Zach
